Title,Source,Published At,URL,Content
"Ukrainian drone attack damages 2 hangars, satellite images show, as fighting in Russia grinds on - The Associated Press",Slashdot.org,2024-08-15T14:15:00Z,https://slashdot.org/firehose.pl?op=view&amp;id=174759030,Check out the new Slashdot job board to browse remote jobs or jobs in your areaDo you develop on GitHub? You can keep using GitHub but automatically sync your GitHub releases to SourceForge quickly a… [+228 chars]
Ukraine captures town of Sudzha in Russia’s Kursk region as it says advance continues | CNN,CNN,2024-08-15T14:12:57Z,https://www.cnn.com/2024/08/15/europe/kursk-incursion-sudzha-captured-ukraine-intl/index.html,"Ukrainian President Volodymyr Zelensky said on Thursday that Ukrainian forces have taken control of the Russian town of Sudzha, over a week after his forces launched a cross-border incursion into Rus… [+1794 chars]"
"Ukraine, Russia both claim advances in Kursk region",Hurriyet Daily News,2024-08-15T14:06:38Z,https://www.hurriyetdailynews.com/ukraine-russia-both-claim-advances-in-kursk-region-199566,"KIEV
Ukraine on Thursday claimed fresh advances in its cross-border offensive into Russia, where it said it had seized over a thousand square kilometres, the biggest attack by a foreign army on Russ… [+4126 chars]"
"Ukraine, Russia Both Claim Advances In Kursk Region",International Business Times,2024-08-15T14:06:18Z,https://www.ibtimes.com/ukraine-russia-both-claim-advances-kursk-region-3739868,"Ukraine on Thursday claimed fresh advances in its cross-border offensive into Russia, where it said it had seized over a thousand square kilometres, the biggest attack by a foreign army on Russian so… [+4036 chars]"
"Two killed, seven injured in Russian bomb attacks on Ukraine's Kharkiv region",The Star Online,2024-08-15T14:06:00Z,https://www.thestar.com.my/news/world/2024/08/15/two-killed-seven-injured-in-russian-bomb-attacks-on-ukraine039s-kharkiv-region,"(Reuters) - Russian guided bomb attacks on Thursday killed at least two people and injured seven more in Ukraine's northeastern Kharkiv region, local authorities said. 
The deadly strike hit a civil… [+838 chars]"
Zelensky says Ukraine has captured key Russian town,The Hill,2024-08-15T14:04:33Z,https://thehill.com/policy/defense/4829130-ukraine-captures-sudzha-russian-kursk/,"Ukrainian President Volodymyr Zelensky on Thursday said Ukraine has captured the key town of Sudzha in the Russian Kursk region, providing his forces with an important foothold as troops continue to … [+1820 chars]"
[Removed],[Removed],1970-01-01T00:00:00Z,https://removed.com,[Removed]
"Ukraine, Russia both claim advances in Kursk region",Digital Journal,2024-08-15T14:03:19Z,https://www.digitaljournal.com/world/ukraine-russia-both-claim-advances-in-kursk-region/article,"The assault took Russian troops by surprise - Copyright AFP/File Mandel NGAN
Ukraine on Thursday claimed fresh advances in its cross-border offensive into Russia, where it said it had seized over a … [+4207 chars]"
U.S. Soldier Justified In Shooting 'Suspicious' Russian: Police,Newsweek,2024-08-15T14:02:48Z,https://www.newsweek.com/us-soldier-justified-shooting-suspicious-russian-north-carolina-1939128,The Moore County Sheriff's Office in North Carolina has concluded after an investigation that a U.S. soldier was justified in the fatal shooting of a native Russian man who was taking photos near his… [+3748 chars]
Ten simple rules for successfully managing EU research grants,Plos.org,2024-08-15T14:00:00Z,https://journals.plos.org/ploscompbiol/article?id=10.1371/journal.pcbi.1012335,"Citation: Pina DG (2024) Ten simple rules for successfully managing EU research grants. PLoS Comput Biol 20(8):
 e1012335.
https://doi.org/10.1371/journal.pcbi.1012335
Editor: Russell Schwartz, Ca… [+40213 chars]"
Russian Fuel Exports to Asia via Africa Reach All-Time High,OilPrice.com,2024-08-15T13:51:00Z,https://oilprice.com/Latest-Energy-News/World-News/Russian-Fuel-Exports-to-Asia-via-Africa-Reach-All-Time-High.html,"Libya's oil production is disrupted…
Hungary's expansion of its ""national…
By Tsvetana Paraskova - Aug 15, 2024, 8:51 AM CDTRussian exports of petroleum products to Asia via the southern tip of Afr… [+1799 chars]"
Want Decades of Passive Income? 2 Stocks to Buy Right Now,Biztoc.com,2024-08-15T13:50:43Z,https://biztoc.com/x/6e09fa5bd116d88d,"Unfortunately, the ongoing war in Ukraine and rising tensions in the Middle East after last year's terror attack on Israel are sad reminders of the brutality of war. America's influence in the world'… [+131 chars]"
"Nord Stream pipeline sabotage was directed by senior Ukrainian officials, reports says",TheJournal.ie,2024-08-15T13:49:41Z,https://www.thejournal.ie/nord-stream-sabotage-ukraine-6463926-Aug2024/,"THE SABOTAGE OF the Nord Stream gas pipelines in 2022 was approved by senior officials in Kyiv and Ukrainian President Volodymyr Zelenskyy initially gave his support, according to a report published … [+3825 chars]"
Ukraine leverages limited resources for incursion into Russia’s Kursk,Al Jazeera English,2024-08-15T13:45:45Z,https://www.aljazeera.com/news/2024/8/15/ukraine-leverages-limited-resources-for-incursion-into-russias-kursk,"Ukraines continuing incursion has played to its strengths: Movement, tactical innovation and the ability to exploit small successes to bigger achievements.
Ukraine has also managed to leverage the l… [+2636 chars]"
Ukraine’s Kursk incursion: how the invasion of Russia could change the political focus of the conflict,The Conversation Africa,2024-08-15T13:45:25Z,https://theconversation.com/ukraines-kursk-incursion-how-the-invasion-of-russia-could-change-the-political-focus-of-the-conflict-236638,"The Ukrainian operation in Russia’s Kursk region began in late July with several days of airstrikes before Kyiv’s ground forces quickly advanced several miles deep into Russian territory on August 6,… [+6033 chars]"
"Ukraine opens military office in occupied Kursk region, says it is still advancing",The Times of India,2024-08-15T13:44:35Z,https://economictimes.indiatimes.com/news/defence/ukraine-opens-military-office-in-occupied-kursk-region-says-it-is-still-advancing/articleshow/112549118.cms,Ukraine's top commander said on Thursday Kyiv had set up a military commandant's office in the occupied part of Russia's Kursk region where he said his forces were still advancing and had taken up to… [+1022 chars]
British tanks taking part in Ukrainian incursion into Kursk Region – Sky News,RT,2024-08-15T13:43:40Z,https://www.rt.com/news/602644-british-tanks-kursk-incursion/,"The Ukrainian brigade operating British Challenger 2 main battle tanks is using them inside Russia’s Kursk Region, Sky News reported on Thursday.
The UK government has donated 14 of its main battle … [+2134 chars]"
Zelenskyy says Ukrainian troops have full control of the Russian town of Sudzha,NBC News,2024-08-15T13:42:54Z,https://www.nbcnews.com/news/world/zelenskyy-says-ukrainian-troops-control-russian-town-sudzha-rcna166700,"Ukrainian President Volodymyr Zelenskyy said Thursday that Kyiv troops have full control of the Russian town of Sudzha in the Kursk region amid their incursion into Russian territory.
The town, the … [+4152 chars]"
American-Russian Citizen Faces 12 Years Jail Time In Russia For Aiding Ukraine Through Charity Donations,Biztoc.com,2024-08-15T13:38:44Z,https://biztoc.com/x/9548a57aa6ddf599,"In a recent development, a Russian-American citizen, Ksenia Karelina, has been sentenced to 12 years in prison by a Russian court on charges of treason. Karelina, a Los Angeles resident, was found gu… [+131 chars]"
UN asks Moscow for access to under-fire border areas,Hurriyet Daily News,2024-08-15T13:35:50Z,https://www.hurriyetdailynews.com/un-asks-moscow-for-access-to-under-fire-border-areas-199563,"GENEVA
The United Nations rights office said on Thursday that it has asked Moscow to allow it to visit Russian border regions affected by a cross-border attack by Ukrainian forces.
""I can confirm t… [+2493 chars]"
Will Poland Refurbish Israeli Patriots for Ukraine War?,Globalresearch.ca,2024-08-15T13:33:27Z,https://www.globalresearch.ca/poland-refurbish-israeli-patriots-ukraine-war/5865374,"In June, rumors swirled in the media that the Biden administration was holding discussions with Israel and Ukraine about the possibility of transferring aging Patriot air defense systems currently in… [+7395 chars]"
Tim Walz Is Vice President Of Calling Tommy Tuberville Dumb As Dog Dicks,Wonkette.com,2024-08-15T13:31:02Z,https://www.wonkette.com/p/tim-walz-is-vice-president-of-calling,"You are not ready for how vice presidential nominee Tim Walz is about to steal your heart (again). 
Tim Walz said at a fundraiser in Boston last night, I feel like one of my roles in this now is to … [+4027 chars]"
Pope Francis: Mary goes before us on the journey of life,Catholicnewsagency.com,2024-08-15T13:31:00Z,https://www.catholicnewsagency.com/news/258725/pope-francis-mary-goes-before-us-on-the-journey-of-life,"Vatican City, Aug 15, 2024 / 09:31 am
During his Angelus address on the solemnity of the Assumption, Pope Francis reminded Catholics that the Blessed Virgin Mary always goes before us on the journey… [+2993 chars]"
Russian court gives 12-year treason sentence to Russian-American over $50 charity donation (Christian Edwards/CNN),Memeorandum.com,2024-08-15T13:30:01Z,https://www.memeorandum.com/240815/p26,"memeorandum is an auto-generated summary of the stories that US political commentators are discussing online right now.
Unlike sister sites Techmeme and Mediagazer, it is not a human-edited news out… [+72 chars]"
Russia's FSB Behind Massive Phishing Espionage Campaign,Infosecurity Magazine,2024-08-15T13:30:00Z,https://www.infosecurity-magazine.com/news/russia-fsb-spearphishing-espionage/,"Two Russian-aligned cyber espionage squads have been conducting a sophisticated spear phishing campaign against Western and Russian civil society entities for two years, according to the Citizen Lab.… [+4068 chars]"
Serbia will never impose sanctions on Russia – minister,RT,2024-08-15T13:29:20Z,https://www.rt.com/news/602643-minister-serbia-no-sanctions-russia/,"Serbia will never impose sanctions on Russia despite massive pressure from the EU, according to Nenad Popovich, the minister overseeing Belgrade’s international economic cooperation. Popovich clarifi… [+2387 chars]"
Russia sentences Russian-American to 12 years over charitable donation,The Jerusalem Post,2024-08-15T13:25:36Z,https://www.jpost.com/international/internationalrussia-ukraine-war/article-814913,"A Russian court sentenced a dual Russian-American citizen, Ksenia Karelina, to 12 years in prison on Thursday after finding her guilty of treason for donating money to a charity supporting Ukraine.
… [+4040 chars]"
‘Strong record of supporting the U.S.-Israel relationship’: a look at Tim Walz’s votes on Palestine as a member of Congress,Mondoweiss,2024-08-15T13:25:27Z,https://mondoweiss.net/2024/08/strong-record-of-supporting-the-u-s-israel-relationship-a-look-at-tim-walzs-votes-on-palestine-as-a-member-of-congress/,"When Kamala Harris selected Minnesota Governor Tim Walz over Pennsylvania Governor Josh Shapiro as her Vice-Presidential running mate, many viewed it as a win for pro-Palestine constituents of the De… [+14245 chars]"
"MangoRx Reports 1,685% Increase in Shareholders’ Equity From December 31, 2023, to $13.8MM, and 56% Increase in Year-Over-Year Revenue for First Half of 2024",GlobeNewswire,2024-08-15T13:25:00Z,https://www.globenewswire.com/news-release/2024/08/15/2930970/0/en/MangoRx-Reports-1-685-Increase-in-Shareholders-Equity-From-December-31-2023-to-13-8MM-and-56-Increase-in-Year-Over-Year-Revenue-for-First-Half-of-2024.html,"Dallas, Texas, Aug. 15, 2024 (GLOBE NEWSWIRE) -- Mangoceuticals, Inc. (NASDAQ: MGRX) (MangoRx
 or the Company), a company focused on developing, marketing, and selling a variety of mens health and w… [+10448 chars]"
Mystery Solved: Night of ‘Heavy Boozing’ Almost Led to WWIII,Daily Beast,2024-08-15T13:22:19Z,https://www.thedailybeast.com/nord-stream-pipeline-mystery-solved-night-of-heavy-boozing-almost-led-to-wwiii,"A group of Ukrainian businessmen financed the notorious September 2022 attack that sabotaged the Nord Stream pipeline network, plunged Europe into an energy crisis andat one pointthreatened to spark … [+4210 chars]"
Game-Changer? Russia Eyes Hypersonic Missiles for Its Yasen-Class Submarines,The National Interest ,2024-08-15T13:19:49Z,https://nationalinterest.org/blog/buzz/game-changer-russia-eyes-hypersonic-missiles-its-yasen-class-submarines-210629,"Summary and What to Worry About: Russia is reportedly planning to equip its Yasen-M class nuclear submarines with Zircon hypersonic missiles, a move that could significantly enhance its naval capabil… [+5026 chars]"
Zelensky says Kyiv troops have full control of Russian town of Sudzha...,Associated Press,2024-08-15T13:19:37Z,https://apnews.com/article/russia-belgorod-state-of-emergency-b7fb57c21a43f0f06bf79a4477eb62e9,"KYIV, Ukraine (AP) Ukrainian President Volodymyr Zelenskyy said Thursday that the countrys troops have full control of the Russian town of Sudzha in the Kursk region in their incursion into Russian t… [+4648 chars]"
"Europe Marine Biofuel Industry Report 2024: Market to Grow by $3.1 Billion During 2023-2033, Driven by Expanding Feedstocks, Advanced Biofuel Technologies, and Favorable Government Policies",GlobeNewswire,2024-08-15T13:19:00Z,https://www.globenewswire.com/news-release/2024/08/15/2930966/28124/en/Europe-Marine-Biofuel-Industry-Report-2024-Market-to-Grow-by-3-1-Billion-During-2023-2033-Driven-by-Expanding-Feedstocks-Advanced-Biofuel-Technologies-and-Favorable-Government-Poli.html,"Dublin, Aug. 15, 2024 (GLOBE NEWSWIRE) -- The ""Europe Marine Biofuel Market: Focus on End User, Fuel, Feedstock, Form, and Country - Analysis and Forecast, 2023-2033"" report has been added to Researc… [+5097 chars]"
"Ukraine Captures Russian Town with Gas Pipe Network, Zelensky Says",Biztoc.com,2024-08-15T13:16:31Z,https://biztoc.com/x/ffc188d3d3b4d42d,"Ukraine's President Volodymyr Zelensky says Kyiv troops captured the Russian town of Sudzha in Kursk region.If confirmed, it would be the largest town Ukraine has taken control of to date in the conf… [+136 chars]"
Choco Leibniz firm apologises as report reveals scale of forced labour under Nazis,Biztoc.com,2024-08-15T13:16:28Z,https://biztoc.com/x/57341c963ab260e9,Germanys Bahlsen biscuit empire used workers from Nazi-occupied Poland and Ukraine from 1940 until 1945Germanys Bahlsen biscuit empire has apologised for the painful findings of a new report showing … [+135 chars]
Ernesto slams Puerto Rico; inflation falls to 3-year low | Hot off the Wire podcast,Roanoke Times,2024-08-15T13:15:00Z,https://roanoke.com/news/nation-world/ernesto-slams-puerto-rico-inflation-falls-to-3-year-low-hot-off-the-wire-podcast/article_d26ca08b-b3f2-54b1-85e3-dabc8e5309e5.html,"On this version of Hot off the Wire:
KYIV, Ukraine (AP) Satellite images analyzed by the Associated Press show that a Ukrainian drone attack on Russian air bases has damaged at least two hangars. Im… [+2992 chars]"
DDoS attack activity soars in first half of 2024,BetaNews,2024-08-15T13:11:50Z,https://betanews.com/2024/08/15/ddos-attack-activity-soars-in-first-half-of-2024/,"In the first half of 2024, web DDoS attacks surged globally 265 percent compared to the second half of 2023, according to the latest threat analysis report from Radware. 
Organizations in EMEA were … [+1896 chars]"
Ukraine’s President Volodymyr Zelenskyy says Kyiv troops captured Russian town of Sudzha in Kursk region,ABC News,2024-08-15T13:09:59Z,https://abcnews.go.com/US/wireStory/ukraines-president-volodymyr-zelenskyy-kyiv-troops-captured-russian-112858634,"Ukraines President Volodymyr Zelenskyy says Kyiv troops captured Russian town of Sudzha in Kursk region
KYIV, Ukraine -- Ukraines President Volodymyr Zelenskyy says Kyiv troops captured Russian town… [+26 chars]"
Ukraine Captures New Russian Town in Kursk,Newsweek,2024-08-15T13:06:42Z,https://www.newsweek.com/ukraine-captures-new-russian-town-kursk-1939752,"Barney Henderson is Newsweek's Content Editor, based in London, U.K. Barney joined Newsweek from The Times of London, and previously worked for The Daily Telegraph of London for 13 years, and The Hin… [+247 chars]"
Boyfriend speaks out after American amateur ballerina sentenced in Russia on treason charges,CBS News,2024-08-15T13:05:00Z,https://www.cbsnews.com/video/boyfriend-speaks-out-after-american-amateur-ballerina-sentenced-in-russia-on-treason-charges/,"Watch CBS News
Copyright ©2024 CBS Interactive Inc. All rights reserved.
Get browser notifications for breaking news, live events, and exclusive reporting.
Not NowTurn On"
Britain says Ukraine can use donated weapons inside Russia,The Times of India,2024-08-15T13:03:09Z,https://economictimes.indiatimes.com/news/defence/britain-says-ukraine-can-use-donated-weapons-inside-russia/articleshow/112548642.cms,"British weapons can be used by Ukrainian forces in operations on Russian territory, Britain's Ministry of Defence said on Thursday, but restrictions on the use of long-range Storm Shadow missiles rem… [+2552 chars]"
Ukraine’s President Volodymyr Zelenskyy says Kyiv troops captured Russian town of Sudzha in Kursk region,ABC News,2024-08-15T13:01:59Z,https://abcnews.go.com/International/wireStory/ukraines-president-volodymyr-zelenskyy-kyiv-troops-captured-russian-112858651,"Ukraines President Volodymyr Zelenskyy says Kyiv troops captured Russian town of Sudzha in Kursk region
KYIV, Ukraine -- Ukraines President Volodymyr Zelenskyy says Kyiv troops captured Russian town… [+26 chars]"
Gauzy Expects To Generate an Aggregated Revenue of $240 Million Over Next 10 Years from Aeronautic Cockpit Shading,GlobeNewswire,2024-08-15T13:01:00Z,https://www.globenewswire.com/news-release/2024/08/15/2930952/0/en/Gauzy-Expects-To-Generate-an-Aggregated-Revenue-of-240-Million-Over-Next-10-Years-from-Aeronautic-Cockpit-Shading.html,"New wins in Q2 2024 increase Gauzys total market share to a dominant 95% of all cockpit shading in commercial aircraft and business jets
Technical expertise and long-term customer relationships posi… [+10998 chars]"
India Issues Urgent Evacuation Warning for Russia's Border Regions,Newsweek,2024-08-15T13:00:36Z,https://www.newsweek.com/india-tells-citizens-evacuate-russia-ukraine-raid-1939712,"India has told its citizens to evacuate from areas close to the Ukrainian border, as armed confrontations continue to rage across the Russian southwest following the surprise cross-border raid by Kyi… [+4030 chars]"
"Russia claims Navalny died from arrhythmia, combination of diseases as widow alleges ‘pathetic’ cover up",Fox News,2024-08-15T12:57:01Z,https://www.foxnews.com/world/russia-claims-navalny-died-from-arrhythmia-combination-diseases-widow-alleges-pathetic-cover-up,"The widow of deceased Russian opposition leader Alexei Navalny is pushing back on a new report from investigators claiming he died as a result of an irregular heartbeat and a combination of diseases,… [+2679 chars]"
Russian Soldier Appears To Be Unscathed After Ukraine Drone Headbutt—Video,Biztoc.com,2024-08-15T12:55:02Z,https://biztoc.com/x/5a1865187c5a983e,"Combat footage from the front line in Ukraine appears to show a Russian soldier headbutt a Ukrainian drone and escape unscathed.The footage was shared by multiple Russian Telegram channels, including… [+130 chars]"
India imported $2.8 billion worth of crude oil from Russia in July,The Times of India,2024-08-15T12:54:46Z,https://timesofindia.indiatimes.com/business/india-business/india-imported-2-8-billion-worth-of-crude-oil-from-russia-in-july/articleshow/112548459.cms,8 amazing facts about the snow leopard
Russian Soldier Appears To Be Unscathed After Ukraine Drone Headbutt—Video,Newsweek,2024-08-15T12:49:07Z,https://www.newsweek.com/russian-soldier-ukraine-drone-video-kharkiv-1939721,"Combat footage from the front line in Ukraine appears to show a Russian soldier headbutt a Ukrainian drone and escape unscathed.
The footage was shared by multiple Russian Telegram channels, includi… [+3717 chars]"
8/15/24 National Security and Korean News and Commentary,Smallwarsjournal.com,2024-08-15T12:48:00Z,https://smallwarsjournal.com/blog/81524-national-security-and-korean-news-and-commentary,"Access National Security News HERE.
Access Korean News HERE.
National Security News Content:
1. US offers quiet support for Ukraine after Kursk incursion deals Putin a major embarrassment2. Kursk … [+2554 chars]"
US-Russian woman jailed for 12 years on treason charges for $51 donation to Ukraine,Independent.ie,2024-08-15T12:40:31Z,https://www.independent.ie/world-news/europe/us-russian-woman-jailed-for-12-years-on-treason-charges-for-51-donation-to-ukraine/a612161253.html,"U.S.-Russian dual national Ksenia Khavana has been convicted of treason in a Russian court and sentenced to 12 years in prison on charges stemming from a $51 donation to a charity aiding Ukraine.
Kh… [+214 chars]"
[Removed],[Removed],1970-01-01T00:00:00Z,https://removed.com,[Removed]
JD Vance: Raising grandchildren is ‘the whole purpose of the postmenopausal female’,Celebitchy.com,2024-08-15T12:38:22Z,https://www.celebitchy.com/884976/jd_vance_raising_grandchildren_is_the_whole_purpose_of_the_postmenopausal_female/,"There had not been a big eruption from JD Vance in days. Of course, there were those drag photos from Vances days as a Yale Law student. On Tuesday, he also made an appearance at the tennis tournamen… [+7295 chars]"
Russians fleeing Ukraine’s incursion say Putin has abandoned them,The Irish Times,2024-08-15T12:38:14Z,https://www.irishtimes.com/world/europe/2024/08/15/russians-fleeing-ukraines-incursion-say-putin-has-abandoned-them/,"On the day Ukrainian forces started rolling into Russias Kursk region, a group of about 40 people, mostly women, filmed a video about what was happening in their town.
We were left alone. With child… [+7390 chars]"
"Ukraine opens military office in occupied Kursk region, says it is still advancing",Yahoo Entertainment,2024-08-15T12:38:05Z,https://www.yahoo.com/news/ukraine-opens-military-office-occupied-123805909.html,KYIV (Reuters) - Ukraine's top commander said on Thursday Kyiv had set up a military commandant's office in the occupied part of Russia's Kursk region where he said his forces were still advancing an… [+1102 chars]
Videos Show Russia's Nuclear Bombers Buzzing NATO Borders,Newsweek,2024-08-15T12:37:18Z,https://www.newsweek.com/videos-show-russia-nuclear-bombers-buzzing-nato-borders-1939634,The Russian military on Wednesday announced the deployments of four nuclear-capable bombers over three major European seas bordering NATO states amid Ukraine's surprise incursion into Russia's territ… [+3735 chars]
NuLegacy Gold Commences Cdn $ 1.0 Million Unit Private Placement,Financial Post,2024-08-15T12:33:09Z,https://financialpost.com/globe-newswire/nulegacy-gold-commences-cdn-1-0-million-unit-private-placement,"Author of the article:
Article content
By regulatory requirement,THIS NEWS RELEASE IS NOT FOR DISTRIBUTION TO U.S. NEWSWIRE SERVICES OR FOR DISSEMINATION IN THE UNITED STATES 
~ Exploration Update… [+19060 chars]"
Russia declares federal emergency in another region,RT,2024-08-15T12:30:51Z,https://www.rt.com/russia/602640-emergency-belgorod-kursk-ukraine/,"A federal emergency has been declared in Russia’s Belgorod Region amid a cross-border incursion by Ukrainian forces, the Emergencies Ministry in Moscow has announced.
Last week, Kiev launched its la… [+2083 chars]"
NuLegacy Gold Commences Cdn $ 1.0 Million Unit Private Placement,GlobeNewswire,2024-08-15T12:30:00Z,https://www.globenewswire.com/news-release/2024/08/15/2930896/0/en/NuLegacy-Gold-Commences-Cdn-1-0-Million-Unit-Private-Placement.html,"By regulatory requirement,THIS NEWS RELEASE IS NOT FOR DISTRIBUTION TO U.S. NEWSWIRE SERVICES OR FOR DISSEMINATION IN THE UNITED STATES -
~ Exploration Update ~ ~ AGM to approve re-capitalization ~~… [+16216 chars]"
Ksenia Karelina: US-Russian Gets 12-Year Treason Sentence In Russia For $50 Donation—Here’s What To Know,Forbes,2024-08-15T12:25:05Z,https://www.forbes.com/sites/tylerroush/2024/08/15/ksenia-karelina-us-russian-gets-12-year-treason-sentence-in-russia-for-50-donation-heres-what-to-know/,"A Russian court sentenced Russian-American Ksenia Karelina to 12 years in prison on Thursday, after Russian officials claimed she committed treason by fundraising for Ukraines military because of an … [+3492 chars]"
[Removed],[Removed],1970-01-01T00:00:00Z,https://removed.com,[Removed]
Ukrainian refugee to study at prestigious US university after top A-level grades,Independent.ie,2024-08-15T12:21:07Z,https://www.independent.ie/world-news/ukrainian-refugee-to-study-at-prestigious-us-university-after-top-a-level-grades/a1714155153.html,"A Newcastle-based teenager who had to flee her home in Ukraine when Russia invaded the country is set to study at the Massachusetts Institute of Technology (MIT) after achieving top A-level grades.
… [+211 chars]"
[Removed],[Removed],1970-01-01T00:00:00Z,https://removed.com,[Removed]
Britain says Ukraine can use donated weapons inside Russia,The Star Online,2024-08-15T12:15:00Z,https://www.thestar.com.my/news/world/2024/08/15/britain-says-ukraine-can-use-donated-weapons-inside-russia,"LONDON (Reuters) - British weapons can be used by Ukrainian forces in operations on Russian territory, Britain's Ministry of Defence said on Thursday, but restrictions on the use of long-range Storm … [+2622 chars]"
Poland showcases its growing army on a holiday that celebrates its historic defeat of the Red Army,ABC News,2024-08-15T12:13:49Z,https://abcnews.go.com/International/wireStory/poland-showcases-growing-army-holiday-celebrates-historic-defeat-112857103,"WARSAW, Poland -- NATO member Poland on Thursday is paying tribute to its historic victory over the Red Army by honoring fallen Poles and showing off modern tanks and other equipment that it hopes wi… [+2340 chars]"
Big Idea: Why Not Make the A-10 Warthog Stealth?,The National Interest ,2024-08-15T12:13:26Z,https://nationalinterest.org/blog/buzz/big-idea-why-not-make-10-warthog-stealth-211056,"Summary and Key Points: The A-10 Warthog, despite its proven effectiveness in providing close air support (CAS) over the past several decades, faces potential retirement as the U.S. Air Force priorit… [+6384 chars]"
"News24 | Diesel, petrol price cuts on the cards for September",News24,2024-08-15T12:11:21Z,https://www.news24.com/fin24/economy/diesel-petrol-price-cuts-on-the-cards-for-september-20240815,"Currently, petrol and diesel prices are on track for cuts at the start of September.
With less than two weeks to go before prices are fixed, the latest estimate from the Central Energy Fund shows th… [+1514 chars]"
Ukraine is making a point of treating Russian civilians very differently to how Russia treats Ukrainians in occupied territory,Biztoc.com,2024-08-15T12:10:52Z,https://biztoc.com/x/8fc549fcf4089584,"Medics helped a local resident in a field hospital at an undisclosed location in the Kursk region on August 11, 2024.ANATOLIY ZHDANOV/Kommersant Photo/AFP via Getty ImagesUkrainian soldiers are provi… [+137 chars]"
UK growth slows slightly in second quarter,Digital Journal,2024-08-15T12:05:01Z,https://www.digitaljournal.com/world/uk-growth-slows-slightly-in-second-quarter/article,"Prime Minister Keir Starmer's government says it plans to boost the economy thanks to mass house-building - Copyright AFP/File GREG BAKER
Britain’s economy grew 0.6 percent in the April-June period,… [+2460 chars]"
"NATO Jet in Close Encounter With Russian Bombers, Escorts",Newsweek,2024-08-15T12:01:25Z,https://www.newsweek.com/nato-germany-jets-close-encounter-russia-bombers-escorts-baltic-sea-1939628,"Rare footage from the cockpit of a nuclear-capable Russian bomber captured a close encounter on Wednesday between its fighter escort and a NATO air policing interceptor.
A videoshared to the Russian… [+2987 chars]"
How Does Estée Lauder’s Current Stock Performance Compare With That During The 2008 Market Crash?,Forbes,2024-08-15T12:00:02Z,https://www.forbes.com/sites/greatspeculations/2024/08/15/how-does-este-lauders-current-stock-performance-compare-with-that-during-the-2008-market-crash/,"SEOUL, SOUTH KOREA - August 07: Singer and actress IU attends ESTEE LAUDER pop-up store opening ... [+] event at Lotte Avenel Jamsil in Songpa-gu on August 07, 2024 in Seoul, South Korea. (Photo by i… [+6290 chars]"
"Day 904 of WW3: ""Russia needs to be saved."" ""The country is overrun with migrants."" Prigozhin #2 sounds like a populist. A Russian populist who owns a professional mercenary outfit? What could possibly go wrong? It's your Thursday Ukraine war thread [News]",Fark.com,2024-08-15T12:00:00Z,https://www.fark.com/comments/13358202/Day-904-of-WW3-Russia-needs-to-be-saved-The-country-is-overrun-with-migrants-Prigozhin-2-sounds-like-a-populist-A-Russian-populist-who-owns-a-professional-mercenary-outfit-What-could-possibly-go-wrong-Its-your-Thursday-Ukraine-war-thread,"Today's news feeds from Kyiv:KYIV POSThttps://www.kyivpost.com/topic/war-in-ukraine
Eurotopics: Kursk Offensive - How Will Moscow React?Russian authorities have said that around 120,000 people have … [+4968 chars]"
U.S.-Russian Citizen Sentenced to 12 Years in Penal Colony for Ukraine Donation,Biztoc.com,2024-08-15T11:59:39Z,https://biztoc.com/x/babd7c2ff3f16131,"Ksenia Karelina, who lived in Los Angeles and worked as an aesthetician, was found guilty of high treason for giving funds to aid Kyivs army at the start of the war with Russia.
This story appeared … [+22 chars]"
"Russia is paying up to $4,000 a month for people to dig trenches to hold back Ukraine's offensive",Biztoc.com,2024-08-15T11:59:34Z,https://biztoc.com/x/4c9e1050c8a58f65,"A Ukrainian trench in Donetsk, east Ukraine, in March 2023.Anadolu via Getty ImagesRussia is advertising trench-digging jobs in the border region of Kursk.The role pays between $1,600 and $4,000 per … [+138 chars]"
Ukraine is making a point of treating Russian civilians very differently to how Russia treats Ukrainians in occupied territory,Business Insider,2024-08-15T11:58:22Z,https://www.businessinsider.com/ukraine-treating-kursk-civilians-well-very-different-russia-actions-report-2024-8,"Medics helped a local resident in a field hospital at an undisclosed location in the Kursk region on August 11, 2024.ANATOLIY ZHDANOV/Kommersant Photo/AFP via Getty Images
<ul><li>Ukrainian soldiers… [+3768 chars]"
Bank of Cyprus Holdings Public (LON:BOCH) Price Target Increased to GBX 595 by Analysts at Deutsche Bank Aktiengesellschaft,ETF Daily News,2024-08-15T11:56:41Z,https://www.etfdailynews.com/2024/08/15/bank-of-cyprus-holdings-public-lonboch-price-target-increased-to-gbx-595-by-analysts-at-deutsche-bank-aktiengesellschaft/,Bank of Cyprus Holdings Public (LON:BOCH – Free Report) had its price target upped by Deutsche Bank Aktiengesellschaft from GBX 563 ($7.19) to GBX 595 ($7.60) in a research note issued to investors o… [+1506 chars]
Ukraine launches biggest drone attack on Russian airfields as incursion puts Kremlin on the back foot - CNN,Slashdot.org,2024-08-15T11:55:22Z,https://slashdot.org/firehose.pl?op=view&amp;id=174757922,Check out the new Slashdot job board to browse remote jobs or jobs in your areaDo you develop on GitHub? You can keep using GitHub but automatically sync your GitHub releases to SourceForge quickly a… [+228 chars]
Russia sentences US ballerina to 12 years in prison for treason,Biztoc.com,2024-08-15T11:48:45Z,https://biztoc.com/x/534f7d5bf1c0f38d,"A Russian-American woman arrested earlier this year while visiting family in Russia, has now been sentenced to 12 years in prison for treason. Russian investigators brought the treason charge after d… [+125 chars]"
Ukraine pursues retired NATO fighter pilots to fly new F-16 fleet,Lewrockwell.com,2024-08-15T11:45:43Z,https://www.lewrockwell.com/political-theatre/ukraine-pursues-retired-nato-fighter-pilots-to-fly-new-f-16-fleet/,"Thanks, Joseph Morabito.  
Senators Richard Blumenthal and Lindsey Graham met with Ukrainian president Volodymyr Zelensky during a 12 August visit to Kyiv, during which the pilot recruitment idea wa… [+22 chars]"
Putin’s no.1 enemy Prigozhin warned Ukraine would storm into Russia & couldn’t be stopped before Vlad killed him,Freerepublic.com,2024-08-15T11:43:28Z,https://freerepublic.com/focus/f-chat/4258523/posts,"Skip to comments.
Putins no.1 enemy Prigozhin warned Ukraine would storm into Russia &amp; couldnt be stopped before Vlad killed himSun UK ^
 | 8/15/2024
 | Owen Leonard
Posted on 08/15/2024 4:43… [+1732 chars]"
Russian-Linked Hackers Target Eastern European NGOs and Media,Internet,2024-08-15T11:43:00Z,https://thehackernews.com/2024/08/russian-linked-hackers-target-eastern.html,"Russian and Belarusian non-profit organizations, Russian independent media, and international non-governmental organizations active in Eastern Europe have become the target of two separate spear-phis… [+3003 chars]"
Ukraine gambled on incursion deep into Russia. It changed battlefield...,Associated Press,2024-08-15T11:40:36Z,https://apnews.com/article/russia-ukraine-war-kursk-incursion-gamble-battlefield-e862afd58c65d6d2d5b7b3747423ca4d,"KYIV, Ukraine (AP) Ukraines stunning incursion into Russias Kursk border region was a bold gamble for the countrys military commanders, who committed their limited resources to a risky assault on a n… [+8053 chars]"
Russia sentences US dual citizen to 12 years for treason,Al Jazeera English,2024-08-15T11:40:12Z,https://www.aljazeera.com/news/2024/8/15/russia-sentences-us-dual-citizen-to-12-years-for-treason,"A court in Russia has sentenced US-Russian dual national Ksenia Karelina to 12 years in prison after finding her guilty of treason for donating money to a charity supporting Ukraine.
The Sverdlovsk … [+1650 chars]"
"Macron, Putin to Kuwait Amir, world leaders wish India on 78th I-Day",Business Standard,2024-08-15T11:39:32Z,https://www.business-standard.com/external-affairs-defence-security/news/macron-putin-among-foreign-leaders-to-greet-india-on-its-independence-day-124081500529_1.html,"Most of the leaders from the South Asian neighbouring countries invoked enduring friendship rooted in history and strengthening of bilateral relations
Prime Minister Narendra Modi hoisted the nation… [+8455 chars]"
Why is Japanese PM Fumio Kishida stepping down?,DW (English),2024-08-15T11:39:00Z,https://www.dw.com/en/why-is-japanese-pm-fumio-kishida-stepping-down/a-69950552,"Japanese Prime Minister Fumio Kishida, who announced on Wednesday that he would not stand for re-election in the ruling Liberal Democratic Party's (LDP) leadership vote in September, will be remember… [+5514 chars]"
[Removed],[Removed],1970-01-01T00:00:00Z,https://removed.com,[Removed]
"In what is probably not a good long term strategy, Russia is emptying its military academies to send their cadets to die in Kursk [Fail]",Fark.com,2024-08-15T11:30:00Z,https://www.fark.com/comments/13357982/In-what-is-probably-not-a-good-long-term-strategy-Russia-is-emptying-its-military-academies-to-send-their-cadets-to-die-in-Kursk,"Sofa Queen:Bootleg: Sofa Queen: How does Putin plan on saving his country from a demographic collapse? Hire Mormons when this whole thing is over? There's not enough of them. It's going to be a big, … [+458 chars]"
Russia sentences US ballerina to 12 years in prison for treason,TODAY,2024-08-15T11:26:54Z,https://www.today.com/video/russia-sentences-us-ballerina-to-12-years-in-prison-for-treason-217213509915,"A Russian-American woman arrested earlier this year while visiting family in Russia, has now been sentenced to 12 years in prison for treason. Russian investigators brought the treason charge after d… [+91 chars]"
Cybercriminals linked to China are going after Russian targets,TechRadar,2024-08-15T11:23:00Z,https://www.techradar.com/pro/security/cybercriminals-linked-to-china-are-going-after-russian-targets,"It would seem China and Russia aren’t exactly allies when it comes to cyberspace, as the latter has apparently spotted malware associated with the former on devices belonging to its government and IT… [+2294 chars]"
US-Russian dual national Ksenia Khavana sentenced to 12 years in prison on treason conviction,VOA News,2024-08-15T11:22:03Z,https://www.voanews.com/a/us-russian-dual-national-ksenia-khavana-sentenced-to-12-years-in-prison-on-treason-conviction-/7743653.html,"A Russian court on Thursday sentenced U.S.-Russian dual national Ksenia Khavana to 12 years in prison on a treason conviction for allegedly raising money for the Ukrainian military.
Khavana, whom Ru… [+1583 chars]"
'This is not ok': Ex-GOP staffer slams Fox News alum for 'open threat' to Kellyanne Conway,Raw Story,2024-08-15T11:21:16Z,https://www.rawstory.com/bongino-conway-open-threat-bardella/,"By the time their lives intersected at Canyon Creek Memory Care Community in Billings, Montana, both were deep in the grips of dementia and exhibiting some of the diseases terrible traits.
Shively h… [+16245 chars]"
UK economy records strong growth in Q2 but likely to see slowdown ahead,Business Standard,2024-08-15T11:20:16Z,https://www.business-standard.com/economy/news/uk-economy-records-strong-growth-in-q2-but-likely-to-see-slowdown-ahead-124081500561_1.html,"Zero growth in June as wet weather hit retail sales
Photo: Pexels
ReutersLondon
Britain's economy recorded a second quarter of strong growth as it recovered from last year's shallow recession but … [+3898 chars]"
"Ukraine puts ‘pressure on the aggressor’, catches Russia off-guard in Kursk",Al Jazeera English,2024-08-15T11:19:49Z,https://www.aljazeera.com/news/2024/8/15/ukraine-puts-pressure-on-the-aggressor-catches-russia-off-guard-in-kursk,"Ukraines armed forces tore into southwestern Russia in a surprise attack during the past week, claiming almost as much territory as Russian forces have taken in Ukraine since the beginning of the yea… [+8646 chars]"
UK-donated tanks used in Kyiv's Russia incursion,BBC News,2024-08-15T11:18:46Z,https://www.bbc.com/news/articles/c5yp0w149w1o,"A Challenger 2 Main Battle tank during a demonstration in Wiltshire
UK-donated Challenger 2 tanks have been used by Ukraine as part of its surprise incursion into Russia, a UK source has confirmed. … [+3737 chars]"
"Ukraine's top general disobeyed Zelenskyy and blew up the Nord Stream pipeline without permission, report says",Biztoc.com,2024-08-15T11:16:16Z,https://biztoc.com/x/881ff3096619ffac,"Danish Defence CommandUkraine was behind the destruction of the Nord Stream pipeline, The Wall Street Journal reported.The September 2022 explosion disrupted Russia's natural gas exports, hitting glo… [+139 chars]"
Ukraine Loses Up to 650 Soldiers in Fights With Russia's Battlegroup Yug - MoD,Sputnikglobe.com,2024-08-15T11:15:29Z,https://sputnikglobe.com/20240815/ukraine-loses-up-to-650-soldiers-in-fights-with-russias-battlegroup-yug---mod-1119778291.html,"The Russian Tsentr battlegroup liberated the settlement of Ivanovka in the Donetsk People's Republic, the Russian Defense Ministry announced. pic.twitter.com/o33Ar5f7jJ
— Sputnik (@SputnikInt) Augus… [+9 chars]"
"Ukraine's top general disobeyed Zelenskyy and blew up the Nord Stream pipeline without permission, report says",Business Insider,2024-08-15T11:10:30Z,https://www.businessinsider.com/ukraine-general-defied-zelenskyy-to-blow-up-nord-stream-attack-wsj-2024-8,"Danish Defence Command
<ul><li>Ukraine was behind the destruction of the Nord Stream pipeline, The Wall Street Journal reported.</li><li>The September 2022 explosion disrupted Russia's natural gas e… [+4443 chars]"
Russian court gives 12-year treason sentence to Russian-American over $50 charity donation,KCCI Des Moines,2024-08-15T11:10:28Z,https://www.kcci.com/article/russian-american-ballerina-treason-sentence/61885013,"A Russian court has sentenced a Russian-American woman to 12 years in prison for treason after she made a donation of just over $50 to a U.S.-based charity supporting Ukraine.
Ksenia Karelina, 33, h… [+2311 chars]"
US Polling 'Nostradamus' Says Ukraine Raid Could Help Kamala Harris,Biztoc.com,2024-08-15T11:04:41Z,https://biztoc.com/x/2b7e5ea49117fe18,"Historian and presidential election forecaster Allan Lichtman believes Ukraine's ongoing offensive into Russian territory could be a win for Kamala Harris, and improve her chances of securing the Whi… [+135 chars]"
[Removed],[Removed],1970-01-01T00:00:00Z,https://removed.com,[Removed]
We Are the Bad Guys. Craig Murray,Globalresearch.ca,2024-08-15T11:01:41Z,https://www.globalresearch.ca/bad-guys-craig-murray/5865380,"In Murder in Samarkand I describe how as a British Ambassador, when I discovered the full extent of our complicity in torture in the War on Terror, I thought it must be a rogue operation and all I ha… [+5597 chars]"
